date,station,temperature_max,temperature_min,rainfall_mm,humidity_pct,wind_speed_kmh,weather_condition
2022-01-01,Changi,31.4,24.6,24.0,83.3,5.5,Heavy Rain
2022-01-02,Changi,28.6,24.0,0.0,68.9,16.3,Partly Cloudy
2022-01-03,Clementi,31.9,24.5,1.8,91.9,9.4,Light Rain
2022-01-04,Jurong,30.7,25.9,0.0,76.1,16.8,Partly Cloudy
2022-01-05,Sentosa,29.9,25.5,8.3,89.0,18.8,Light Rain
2022-01-06,Clementi,30.0,24.8,0.0,76.3,19.3,Partly Cloudy
2022-01-07,Changi,31.1,26.3,0.0,70.5,10.8,Sunny
2022-01-08,Ang Mo Kio,31.0,23.9,8.1,90.7,15.0,Light Rain
2022-01-09,Sentosa,29.2,23.9,0.0,74.9,21.3,Partly Cloudy
2022-01-10,Ang Mo Kio,32.0,25.3,55.4,90.8,20.6,Thunderstorm
2022-01-11,Jurong,,24.6,,76.8,9.0,Partly Cloudy
2022-01-12,Ang Mo Kio,31.1,25.3,1.5,87.0,5.9,Light Rain
2022-01-13,Clementi,30.7,26.3,4.3,80.2,13.0,Light Rain
2022-01-14,Jurong,,25.0,0.4,81.7,12.8,Light Rain
2022-01-15,Ang Mo Kio,31.8,25.0,4.3,95.9,23.6,Light Rain
2022-01-16,Changi,29.8,23.8,35.9,94.9,17.4,Heavy Rain
2022-01-17,Clementi,31.4,25.5,5.9,88.0,26.3,Light Rain
2022-01-18,Changi,33.1,24.1,0.0,69.5,15.3,Sunny
2022-01-19,Sentosa,29.8,25.6,0.0,70.1,10.1,Partly Cloudy
2022-01-20,Ang Mo Kio,32.5,25.1,34.5,95.0,25.6,Heavy Rain
2022-01-21,Changi,31.9,24.1,0.7,94.4,18.6,Light Rain
2022-01-22,Ang Mo Kio,29.6,25.5,6.8,88.0,13.1,Light Rain
2022-01-23,Ang Mo Kio,31.7,25.3,5.0,86.8,20.2,Light Rain
2022-01-24,Jurong,30.7,26.0,0.0,77.8,16.6,Sunny
2022-01-25,Ang Mo Kio,30.1,24.7,0.0,65.0,8.0,Sunny
2022-01-26,Sentosa,29.0,24.1,1.4,96.0,7.7,Light Rain
2022-01-27,Ang Mo Kio,29.2,26.1,0.0,67.4,20.9,Sunny
2022-01-28,Clementi,31.7,24.4,29.0,90.3,19.6,Heavy Rain
2022-01-29,Clementi,30.7,26.1,37.0,90.2,12.2,Heavy Rain
2022-01-30,Changi,29.8,23.8,1.3,88.7,10.4,Light Rain
2022-01-31,Ang Mo Kio,32.3,26.6,2.1,80.6,18.2,Light Rain
2022-02-01,Ang Mo Kio,32.2,25.0,0.0,67.7,4.1,Cloudy
2022-02-02,Jurong,30.3,26.3,0.0,72.0,19.8,Sunny
2022-02-03,Clementi,30.1,24.3,0.0,73.1,20.2,Sunny
2022-02-04,Sentosa,31.0,22.4,0.0,72.5,22.2,Partly Cloudy
2022-02-05,Clementi,31.1,24.9,0.0,76.0,9.5,Partly Cloudy
2022-02-06,Clementi,30.8,24.6,0.0,81.6,18.3,Partly Cloudy
2022-02-07,Changi,28.3,24.8,0.0,58.8,8.1,Cloudy
2022-02-08,Jurong,30.5,25.0,0.0,75.2,5.4,Partly Cloudy
2022-02-09,Ang Mo Kio,31.1,25.5,0.0,79.6,19.0,Sunny
2022-02-10,Changi,30.7,25.3,,69.7,5.7,Partly Cloudy
2022-02-11,Sentosa,28.3,24.0,0.0,68.6,15.3,Cloudy
2022-02-12,Sentosa,33.2,23.3,0.0,65.1,11.0,Cloudy
2022-02-13,Ang Mo Kio,31.3,25.4,,75.2,5.6,Partly Cloudy
2022-02-14,Ang Mo Kio,31.1,25.0,0.0,80.9,15.7,Sunny
2022-02-15,Clementi,30.0,24.8,11.2,95.8,13.2,Heavy Rain
2022-02-16,Jurong,29.9,23.0,15.1,94.8,18.5,Heavy Rain
2022-02-17,Changi,30.8,,9.1,87.0,13.4,Light Rain
2022-02-18,Ang Mo Kio,29.5,23.6,0.0,72.9,2.1,Partly Cloudy
2022-02-19,Jurong,30.9,26.4,0.0,79.4,12.5,Sunny
2022-02-20,Clementi,29.8,24.8,3.9,79.5,9.1,Light Rain
2022-02-21,Jurong,31.3,23.6,0.0,75.9,12.9,Partly Cloudy
2022-02-22,Jurong,29.0,27.1,0.0,68.4,16.2,Partly Cloudy
2022-02-23,Clementi,31.6,25.9,10.7,88.4,8.3,Heavy Rain
2022-02-24,Jurong,31.5,25.0,,94.7,12.5,Light Rain
2022-02-25,Ang Mo Kio,31.2,25.0,0.0,78.5,10.5,Partly Cloudy
2022-02-26,Ang Mo Kio,31.8,25.1,0.0,65.9,11.1,Partly Cloudy
2022-02-27,Sentosa,29.6,25.4,0.0,80.2,13.9,Partly Cloudy
2022-02-28,Changi,28.9,25.1,0.4,87.0,19.0,Light Rain
2022-03-01,Jurong,30.5,23.7,9.4,81.4,5.0,Light Rain
2022-03-02,Jurong,33.1,24.8,0.0,69.8,13.8,Sunny
2022-03-03,Jurong,32.0,25.6,0.0,57.5,7.5,Cloudy
2022-03-04,Sentosa,29.7,24.6,69.5,79.6,30.8,Thunderstorm
2022-03-05,Clementi,30.8,26.2,34.8,90.5,7.3,Heavy Rain
2022-03-06,Jurong,32.0,25.2,0.0,84.1,13.6,Partly Cloudy
2022-03-07,Clementi,32.9,24.7,0.0,85.8,11.1,Sunny
2022-03-08,Changi,30.6,24.9,0.0,73.0,7.3,Partly Cloudy
2022-03-09,Sentosa,31.6,25.8,0.0,87.5,,Sunny
2022-03-10,Ang Mo Kio,32.6,24.3,0.0,66.3,13.5,Cloudy
2022-03-11,Clementi,30.9,24.8,0.0,74.6,5.8,Sunny
2022-03-12,Sentosa,31.6,24.7,,87.5,16.6,Sunny
2022-03-13,Clementi,33.6,25.7,11.7,86.4,13.0,Heavy Rain
2022-03-14,Sentosa,31.2,24.6,12.0,100.0,5.4,Heavy Rain
2022-03-15,Sentosa,31.5,25.3,4.7,92.4,13.3,Light Rain
2022-03-16,Clementi,33.8,25.9,0.0,,10.8,Sunny
2022-03-17,Ang Mo Kio,31.5,24.7,5.1,81.9,9.0,Light Rain
2022-03-18,Sentosa,31.9,25.2,,87.7,11.2,Light Rain
2022-03-19,Changi,32.9,24.1,0.0,75.9,9.1,Cloudy
2022-03-20,Clementi,29.9,23.9,0.0,65.2,13.9,Sunny
2022-03-21,Clementi,32.3,23.5,8.4,87.6,14.4,Light Rain
2022-03-22,Changi,30.7,24.9,0.0,69.6,6.6,Sunny
2022-03-23,Ang Mo Kio,30.5,24.9,0.0,62.2,8.2,Partly Cloudy
2022-03-24,Jurong,31.2,26.2,0.0,62.9,13.4,Partly Cloudy
2022-03-25,Changi,33.3,25.8,7.3,84.1,6.2,Light Rain
2022-03-26,Changi,32.0,23.9,0.0,72.9,9.4,Sunny
2022-03-27,Ang Mo Kio,32.7,25.4,0.0,76.6,10.4,Cloudy
2022-03-28,Clementi,31.9,24.6,0.0,62.5,8.2,Partly Cloudy
2022-03-29,Clementi,33.2,25.0,0.0,,10.4,Sunny
2022-03-30,Clementi,31.6,24.1,0.0,76.7,7.3,Partly Cloudy
2022-03-31,Jurong,31.5,26.3,78.7,91.0,18.1,Thunderstorm
2022-04-01,Clementi,33.3,25.7,0.0,63.2,23.5,Partly Cloudy
2022-04-02,Jurong,32.5,25.1,3.9,85.1,15.7,Light Rain
2022-04-03,Clementi,31.9,24.6,1.3,80.5,14.7,Light Rain
2022-04-04,Changi,29.8,26.1,0.0,77.2,11.3,Partly Cloudy
2022-04-05,Sentosa,31.8,25.5,0.0,75.8,6.8,Partly Cloudy
2022-04-06,Jurong,35.4,25.9,,80.3,17.6,Sunny
2022-04-07,Sentosa,33.5,25.7,0.0,67.4,11.3,Sunny
2022-04-08,Jurong,33.0,25.7,14.4,86.2,9.2,Heavy Rain
2022-04-09,Changi,31.6,25.5,0.0,68.2,11.4,Partly Cloudy
2022-04-10,Clementi,32.5,24.8,10.3,85.6,12.9,Heavy Rain
2022-04-11,Sentosa,31.9,24.9,38.1,92.2,,Heavy Rain
2022-04-12,Ang Mo Kio,33.9,27.2,17.5,84.5,15.3,Heavy Rain
2022-04-13,Ang Mo Kio,32.9,26.9,15.0,84.8,11.5,Heavy Rain
2022-04-14,Changi,32.4,25.6,0.0,72.2,9.9,Partly Cloudy
2022-04-15,Jurong,30.5,23.8,53.1,85.8,32.9,Thunderstorm
2022-04-16,Changi,31.4,26.0,26.7,96.9,15.7,Heavy Rain
2022-04-17,Changi,29.8,25.7,0.0,70.5,12.3,Sunny
2022-04-18,Jurong,32.5,25.4,0.0,64.1,11.2,Cloudy
2022-04-19,Changi,32.3,24.1,1.5,86.2,9.1,Light Rain
2022-04-20,Jurong,31.3,24.1,16.0,86.6,10.2,Heavy Rain
2022-04-21,Clementi,31.3,24.1,0.0,63.6,11.0,Partly Cloudy
2022-04-22,Sentosa,33.7,28.6,5.3,89.4,7.4,Light Rain
2022-04-23,Jurong,33.5,26.2,26.7,89.2,4.8,Heavy Rain
2022-04-24,Sentosa,30.2,8.3,0.0,76.4,22.4,Sunny
2022-04-25,Sentosa,30.8,25.3,11.2,97.0,10.4,Heavy Rain
2022-04-26,Jurong,34.4,25.1,2.0,90.6,13.2,Light Rain
2022-04-27,Sentosa,33.8,23.9,7.6,84.5,14.8,Light Rain
2022-04-28,Ang Mo Kio,32.7,25.1,,87.1,9.9,Heavy Rain
2022-04-29,Clementi,30.6,25.1,1.8,87.0,15.3,Light Rain
2022-04-30,Sentosa,31.5,25.0,0.0,80.3,15.3,Sunny
2022-05-01,Ang Mo Kio,33.8,25.9,66.8,83.3,,Thunderstorm
2022-05-02,Changi,30.8,26.3,0.0,74.3,8.4,Partly Cloudy
2022-05-03,Sentosa,33.1,25.0,2.2,85.5,2.6,Light Rain
2022-05-04,Ang Mo Kio,28.9,25.3,312.5,88.1,9.4,Light Rain
2022-05-05,Ang Mo Kio,31.4,25.8,47.0,86.3,29.4,Thunderstorm
2022-05-06,Sentosa,33.1,25.6,0.0,73.6,13.5,Partly Cloudy
2022-05-07,Ang Mo Kio,30.7,25.9,0.0,64.5,14.3,Partly Cloudy
2022-05-08,Clementi,33.0,25.3,0.0,77.9,12.3,Partly Cloudy
2022-05-09,Sentosa,32.8,24.9,0.0,67.1,11.3,Partly Cloudy
2022-05-10,Sentosa,32.2,24.9,0.0,77.4,17.4,Partly Cloudy
2022-05-11,Clementi,33.4,24.9,17.2,90.5,9.1,Heavy Rain
2022-05-12,Clementi,32.8,24.5,3.4,93.7,17.4,Light Rain
2022-05-13,Jurong,33.0,25.4,18.9,82.9,12.5,Heavy Rain
2022-05-14,Sentosa,31.2,24.4,0.0,71.8,10.0,Partly Cloudy
2022-05-15,Clementi,32.2,25.9,0.0,84.2,10.4,Sunny
2022-05-16,Ang Mo Kio,32.1,25.3,0.0,70.7,10.8,Partly Cloudy
2022-05-17,Changi,34.5,26.2,0.0,77.5,17.1,Sunny
2022-05-18,Ang Mo Kio,30.3,25.7,0.0,77.5,12.6,Sunny
2022-05-19,Ang Mo Kio,32.3,23.9,0.0,67.9,15.7,Sunny
2022-05-20,Ang Mo Kio,34.8,25.0,49.3,95.5,16.6,Thunderstorm
2022-05-21,Sentosa,30.7,25.1,43.6,75.0,24.3,Thunderstorm
2022-05-22,Sentosa,31.7,25.2,2.2,87.6,15.8,Light Rain
2022-05-23,Ang Mo Kio,33.8,25.9,0.0,87.1,11.6,Sunny
2022-05-24,Ang Mo Kio,32.5,25.0,10.4,90.6,12.6,Heavy Rain
2022-05-25,Ang Mo Kio,33.5,25.2,14.4,91.7,7.5,Heavy Rain
2022-05-26,Changi,30.7,26.1,0.0,78.7,5.8,Partly Cloudy
2022-05-27,Jurong,31.0,25.0,0.0,67.3,8.0,Sunny
2022-05-28,Changi,32.4,26.0,8.0,89.7,16.5,Light Rain
2022-05-29,Jurong,33.0,26.3,0.0,73.1,14.3,Partly Cloudy
2022-05-30,Ang Mo Kio,31.9,25.2,12.2,90.1,22.6,Heavy Rain
2022-05-31,Ang Mo Kio,29.9,24.8,0.0,66.0,9.8,Sunny
2022-06-01,Changi,31.5,26.4,4.7,87.8,16.6,Light Rain
2022-06-02,Jurong,32.6,25.0,18.8,88.6,14.9,Heavy Rain
2022-06-03,Jurong,33.4,25.5,0.0,63.5,12.9,Cloudy
2022-06-04,Jurong,32.9,26.9,0.0,82.3,10.0,Sunny
2022-06-05,Clementi,35.2,24.7,0.0,85.3,12.3,Cloudy
2022-06-06,Sentosa,32.2,24.8,0.0,,8.7,Sunny
2022-06-07,Ang Mo Kio,30.7,24.9,15.5,95.5,7.5,Heavy Rain
2022-06-08,Ang Mo Kio,32.6,25.5,4.7,87.5,15.6,Light Rain
2022-06-09,Changi,31.2,25.3,0.0,85.4,7.6,Cloudy
2022-06-10,Clementi,31.1,25.6,0.0,69.7,3.6,Partly Cloudy
2022-06-11,Jurong,33.0,25.4,0.0,84.1,14.4,Partly Cloudy
2022-06-12,Ang Mo Kio,33.3,24.8,0.0,57.9,12.6,Partly Cloudy
2022-06-13,Jurong,30.6,25.9,0.0,80.4,5.9,Partly Cloudy
2022-06-14,Changi,33.3,25.1,1.6,92.7,16.3,Light Rain
2022-06-15,Sentosa,30.4,26.0,0.0,70.8,9.0,Partly Cloudy
2022-06-16,Changi,32.0,23.0,0.0,68.1,13.8,Partly Cloudy
2022-06-17,Changi,33.6,25.4,0.0,79.6,10.1,Cloudy
2022-06-18,Clementi,32.3,24.6,2.0,89.1,11.0,Light Rain
2022-06-19,Jurong,33.0,24.1,16.7,94.0,11.6,Heavy Rain
2022-06-20,Clementi,31.5,24.8,0.0,86.1,9.9,Cloudy
2022-06-21,Jurong,30.4,25.9,9.8,91.8,3.7,Light Rain
2022-06-22,Clementi,32.2,25.7,0.0,60.3,10.3,Partly Cloudy
2022-06-23,Jurong,,24.6,0.0,65.0,20.7,Cloudy
2022-06-24,Sentosa,33.3,24.5,0.0,75.5,15.5,Partly Cloudy
2022-06-25,Sentosa,29.6,25.4,0.0,72.7,,Partly Cloudy
2022-06-26,Jurong,34.1,25.2,0.0,71.2,15.4,Sunny
2022-06-27,Sentosa,33.4,24.9,0.0,76.4,9.7,Sunny
2022-06-28,Changi,29.6,25.0,13.6,88.5,12.1,Heavy Rain
2022-06-29,Sentosa,,25.9,,65.8,12.5,Partly Cloudy
2022-06-30,Ang Mo Kio,34.7,25.7,0.0,78.2,11.0,Cloudy
2022-07-01,Ang Mo Kio,31.9,24.8,0.0,75.5,18.2,Partly Cloudy
2022-07-02,Changi,32.2,25.3,0.0,79.9,12.1,Sunny
2022-07-03,Changi,33.3,23.7,18.5,85.7,7.2,Heavy Rain
2022-07-04,Changi,32.2,26.3,1.9,93.7,17.8,Light Rain
2022-07-05,Sentosa,30.3,23.9,0.0,78.1,6.1,Partly Cloudy
2022-07-06,Changi,30.1,26.0,0.0,75.3,11.0,Partly Cloudy
2022-07-07,Sentosa,31.6,25.7,0.0,73.3,14.9,Partly Cloudy
2022-07-08,Sentosa,30.8,25.1,2.9,85.5,14.4,Light Rain
2022-07-09,Changi,32.5,25.4,0.0,75.8,11.5,Partly Cloudy
2022-07-10,Clementi,31.0,24.9,0.0,72.1,16.4,Sunny
2022-07-11,Ang Mo Kio,,24.7,0.0,70.8,12.6,Partly Cloudy
2022-07-12,Sentosa,29.9,26.0,0.0,79.6,14.7,Cloudy
2022-07-13,Ang Mo Kio,31.6,24.0,0.0,72.0,14.9,Partly Cloudy
2022-07-14,Clementi,31.1,24.2,0.0,72.8,7.8,Partly Cloudy
2022-07-15,Sentosa,31.7,25.3,1.3,83.7,13.8,Light Rain
2022-07-16,Sentosa,29.0,24.4,0.0,63.9,10.7,Cloudy
2022-07-17,Changi,29.6,24.4,0.0,68.0,18.2,Cloudy
2022-07-18,Jurong,32.2,26.0,0.0,73.3,9.9,Partly Cloudy
2022-07-19,Clementi,31.1,25.7,0.0,72.9,13.5,Partly Cloudy
2022-07-20,Changi,32.2,23.9,0.0,81.0,11.7,Sunny
2022-07-21,Sentosa,30.5,24.4,,73.7,3.7,Partly Cloudy
2022-07-22,Changi,29.3,24.2,0.0,76.3,13.9,Partly Cloudy
2022-07-23,Sentosa,30.1,24.4,0.0,79.9,6.2,Partly Cloudy
2022-07-24,Ang Mo Kio,32.7,25.7,3.9,82.6,9.0,Light Rain
2022-07-25,Clementi,30.4,,3.0,86.4,12.4,Light Rain
2022-07-26,Jurong,31.3,24.6,0.0,70.5,12.8,Partly Cloudy
2022-07-27,Ang Mo Kio,32.5,25.9,0.0,71.3,11.4,Partly Cloudy
2022-07-28,Changi,31.3,24.0,4.4,87.4,6.2,Light Rain
2022-07-29,Changi,27.6,25.8,0.0,79.0,7.1,Sunny
2022-07-30,Clementi,32.5,23.8,0.0,71.0,10.6,Partly Cloudy
2022-07-31,Changi,32.5,25.9,0.0,73.0,17.8,Sunny
2022-08-01,Sentosa,29.4,24.8,4.3,81.2,13.7,Light Rain
2022-08-02,Ang Mo Kio,30.5,25.4,0.0,77.0,10.6,Cloudy
2022-08-03,Sentosa,31.3,25.6,2.5,90.1,8.8,Light Rain
2022-08-04,Changi,32.8,25.2,0.0,79.2,11.0,Sunny
2022-08-05,Ang Mo Kio,33.3,26.7,8.5,88.0,15.9,Light Rain
2022-08-06,Clementi,31.2,25.3,,93.9,14.5,Light Rain
2022-08-07,Sentosa,30.5,23.9,0.7,88.8,10.2,Light Rain
2022-08-08,Clementi,33.1,25.5,0.0,71.7,14.2,Sunny
2022-08-09,Changi,31.6,25.2,0.0,62.2,15.0,Partly Cloudy
2022-08-10,Ang Mo Kio,32.1,23.9,0.0,71.9,16.6,Partly Cloudy
2022-08-11,Clementi,31.1,25.1,0.0,55.0,10.0,Partly Cloudy
2022-08-12,Ang Mo Kio,,25.0,0.0,84.5,14.4,Cloudy
2022-08-13,Ang Mo Kio,30.8,24.5,0.0,83.6,14.5,Partly Cloudy
2022-08-14,Clementi,30.5,24.9,0.0,73.8,10.7,Cloudy
2022-08-15,Sentosa,,25.5,,86.3,9.9,Light Rain
2022-08-16,Jurong,32.4,24.0,1.1,88.8,8.9,Light Rain
2022-08-17,Changi,30.9,27.0,0.0,72.3,11.9,Partly Cloudy
2022-08-18,Changi,31.4,25.8,15.9,88.2,16.5,Heavy Rain
2022-08-19,Sentosa,31.1,25.3,0.0,79.8,7.4,Sunny
2022-08-20,Changi,31.6,,0.0,79.0,9.1,Sunny
2022-08-21,Jurong,32.1,26.0,0.0,77.1,,Cloudy
2022-08-22,Jurong,30.7,26.5,0.0,86.7,12.1,Cloudy
2022-08-23,Sentosa,34.1,24.2,2.6,91.5,12.8,Light Rain
2022-08-24,Jurong,32.5,25.5,0.0,67.2,10.2,Sunny
2022-08-25,Ang Mo Kio,31.4,25.7,1.8,89.2,6.8,Light Rain
2022-08-26,Clementi,30.4,25.4,0.0,77.4,8.8,Sunny
2022-08-27,Clementi,32.9,24.9,2.8,89.3,9.8,Light Rain
2022-08-28,Changi,31.4,24.4,14.2,90.6,11.8,Heavy Rain
2022-08-29,Ang Mo Kio,32.2,25.0,0.0,66.1,6.2,Sunny
2022-08-30,Changi,32.0,25.8,0.0,86.9,13.1,Partly Cloudy
2022-08-31,Changi,29.9,24.1,0.0,81.8,8.9,Partly Cloudy
2022-09-01,Clementi,30.2,24.0,0.0,76.5,8.3,Cloudy
2022-09-02,Clementi,33.3,25.3,13.3,86.2,19.1,Heavy Rain
2022-09-03,Clementi,31.2,24.6,0.0,100.0,16.6,Cloudy
2022-09-04,Clementi,32.4,26.1,0.0,76.6,11.5,Partly Cloudy
2022-09-05,Sentosa,30.3,24.6,0.5,87.2,11.5,Light Rain
2022-09-06,Clementi,33.7,24.3,0.2,78.5,7.4,Light Rain
2022-09-07,Sentosa,30.1,24.4,0.0,74.1,7.7,Cloudy
2022-09-08,Jurong,32.2,24.7,0.0,70.7,17.7,Sunny
2022-09-09,Jurong,33.6,25.5,0.0,76.9,17.1,Cloudy
2022-09-10,Clementi,,23.5,0.0,74.1,8.4,Partly Cloudy
2022-09-11,Changi,32.4,25.1,0.0,60.8,16.3,Sunny
2022-09-12,Clementi,31.9,25.4,0.0,66.8,20.9,Sunny
2022-09-13,Changi,29.4,26.8,0.0,64.4,14.4,Partly Cloudy
2022-09-14,Sentosa,30.4,23.5,0.0,73.8,14.9,Sunny
2022-09-15,Sentosa,32.9,25.5,0.0,79.5,13.6,Partly Cloudy
2022-09-16,Sentosa,29.2,24.8,6.3,92.1,19.6,Light Rain
2022-09-17,Ang Mo Kio,31.2,25.0,0.0,67.8,5.7,Sunny
2022-09-18,Jurong,30.7,25.7,0.0,81.7,8.9,Partly Cloudy
2022-09-19,Jurong,31.3,24.3,11.3,94.7,22.2,Heavy Rain
2022-09-20,Sentosa,31.7,26.2,7.2,84.6,17.8,Light Rain
2022-09-21,Jurong,29.6,25.7,0.0,66.7,11.4,Partly Cloudy
2022-09-22,Changi,30.7,24.7,6.1,85.1,15.4,Light Rain
2022-09-23,Clementi,30.4,24.3,0.0,83.9,7.8,Partly Cloudy
2022-09-24,Ang Mo Kio,30.9,26.6,0.0,80.7,11.5,Partly Cloudy
2022-09-25,Jurong,31.5,24.8,13.9,87.5,5.3,Heavy Rain
2022-09-26,Jurong,30.3,26.0,0.0,82.5,19.2,Partly Cloudy
2022-09-27,Clementi,31.4,26.6,0.0,76.4,12.7,Partly Cloudy
2022-09-28,Ang Mo Kio,30.5,26.4,14.2,89.0,12.5,Heavy Rain
2022-09-29,Clementi,,24.5,0.0,77.6,,Sunny
2022-09-30,Ang Mo Kio,29.6,23.9,0.0,72.3,20.4,Partly Cloudy
2022-10-01,Jurong,31.6,25.5,16.3,90.7,8.8,Heavy Rain
2022-10-02,Ang Mo Kio,30.3,23.9,18.6,91.3,9.9,Heavy Rain
2022-10-03,Jurong,31.1,25.6,0.4,83.8,12.1,Light Rain
2022-10-04,Clementi,30.7,26.2,0.0,56.2,13.4,Partly Cloudy
2022-10-05,Ang Mo Kio,32.3,25.4,24.8,88.3,9.5,Heavy Rain
2022-10-06,Ang Mo Kio,29.6,26.0,13.2,85.6,12.5,Heavy Rain
2022-10-07,Clementi,29.3,25.1,5.3,97.3,14.6,Light Rain
2022-10-08,Sentosa,32.5,26.0,1.3,80.7,22.2,Light Rain
2022-10-09,Jurong,32.1,24.3,0.0,66.5,8.3,Sunny
2022-10-10,Ang Mo Kio,34.2,24.6,0.0,75.7,12.0,Partly Cloudy
2022-10-11,Jurong,31.4,25.0,0.0,71.7,18.2,Sunny
2022-10-12,Sentosa,30.5,25.1,0.0,70.3,13.6,Cloudy
2022-10-13,Ang Mo Kio,31.3,23.8,15.3,88.9,6.5,Heavy Rain
2022-10-14,Changi,30.2,25.2,9.6,92.4,17.1,Light Rain
2022-10-15,Jurong,31.6,24.5,0.0,70.2,9.8,Partly Cloudy
2022-10-16,Clementi,30.9,25.7,,94.5,8.7,Heavy Rain
2022-10-17,Jurong,31.7,24.9,10.8,87.6,10.2,Heavy Rain
2022-10-18,Changi,32.1,23.3,0.0,,8.2,Partly Cloudy
2022-10-19,Clementi,30.5,26.6,0.0,74.2,8.2,Sunny
2022-10-20,Sentosa,31.5,23.6,0.0,74.1,10.7,Sunny
2022-10-21,Sentosa,31.5,25.5,0.4,84.2,5.0,Light Rain
2022-10-22,Changi,32.8,25.3,30.4,79.9,11.0,Heavy Rain
2022-10-23,Jurong,33.5,25.9,6.4,85.8,8.5,Light Rain
2022-10-24,Clementi,30.4,25.1,2.7,88.0,8.5,Light Rain
2022-10-25,Clementi,32.8,25.5,,68.0,12.0,Sunny
2022-10-26,Jurong,32.5,25.3,0.0,71.8,16.5,Partly Cloudy
2022-10-27,Clementi,32.3,24.5,0.0,,8.3,Partly Cloudy
2022-10-28,Ang Mo Kio,30.7,24.9,34.1,78.7,12.4,Heavy Rain
2022-10-29,Sentosa,31.5,26.2,6.2,88.1,10.8,Light Rain
2022-10-30,Jurong,32.6,25.1,11.3,99.2,14.8,Heavy Rain
2022-10-31,Jurong,33.0,26.6,16.1,84.5,9.8,Heavy Rain
2022-11-01,Sentosa,34.1,24.3,2.6,81.4,15.2,Light Rain
2022-11-02,Jurong,31.5,24.9,0.0,68.3,16.9,Sunny
2022-11-03,Ang Mo Kio,31.3,23.8,15.7,95.4,9.8,Heavy Rain
2022-11-04,Changi,30.9,24.8,20.0,90.6,18.3,Heavy Rain
2022-11-05,Ang Mo Kio,32.2,26.1,10.8,82.4,8.0,Heavy Rain
2022-11-06,Ang Mo Kio,31.7,24.9,9.7,89.8,6.1,Light Rain
2022-11-07,Sentosa,32.3,23.2,0.0,75.3,7.0,Partly Cloudy
2022-11-08,Changi,31.5,25.3,8.5,82.3,14.2,Light Rain
2022-11-09,Clementi,34.4,25.6,26.7,81.2,6.5,Heavy Rain
2022-11-10,Jurong,32.1,25.8,12.7,82.6,14.5,Heavy Rain
2022-11-11,Clementi,33.3,24.8,14.8,88.1,6.2,Heavy Rain
2022-11-12,Clementi,33.5,24.8,44.6,92.6,22.3,Thunderstorm
2022-11-13,Jurong,31.7,25.3,0.0,,11.2,Sunny
2022-11-14,Clementi,32.5,24.5,13.9,84.0,2.0,Heavy Rain
2022-11-15,Sentosa,30.9,24.5,3.5,88.0,13.5,Light Rain
2022-11-16,Ang Mo Kio,33.6,25.3,18.5,81.8,7.5,Heavy Rain
2022-11-17,Ang Mo Kio,31.0,24.7,0.0,75.9,11.1,Partly Cloudy
2022-11-18,Ang Mo Kio,32.4,25.0,44.2,90.3,12.6,Thunderstorm
2022-11-19,Changi,30.1,24.5,1.6,90.0,18.4,Light Rain
2022-11-20,Clementi,32.1,26.6,3.6,91.0,4.6,Light Rain
2022-11-21,Ang Mo Kio,31.4,24.6,15.6,92.5,10.9,Heavy Rain
2022-11-22,Sentosa,29.4,25.1,,83.6,10.5,Heavy Rain
2022-11-23,Sentosa,30.8,25.5,0.0,66.4,12.5,Sunny
2022-11-24,Ang Mo Kio,32.2,,5.5,89.5,11.0,Light Rain
2022-11-25,Sentosa,31.1,24.2,5.4,92.9,8.9,Light Rain
2022-11-26,Ang Mo Kio,32.7,25.9,8.1,91.7,12.2,Light Rain
2022-11-27,Clementi,33.0,26.9,0.0,74.2,7.4,Cloudy
2022-11-28,Changi,30.5,24.0,0.0,89.4,7.9,Partly Cloudy
2022-11-29,Ang Mo Kio,32.3,24.6,3.4,85.3,8.9,Light Rain
2022-11-30,Jurong,30.2,26.1,28.3,88.4,11.7,Heavy Rain
2022-12-01,Clementi,31.3,25.4,0.0,76.8,24.1,Sunny
2022-12-02,Sentosa,30.6,24.4,3.2,87.0,14.0,Light Rain
2022-12-03,Jurong,32.9,24.6,0.0,83.4,4.1,Partly Cloudy
2022-12-04,Sentosa,28.5,23.5,0.0,71.6,11.7,Sunny
2022-12-05,Sentosa,30.3,24.5,43.2,84.2,11.3,Thunderstorm
2022-12-06,Jurong,30.6,24.8,2.5,80.5,9.3,Light Rain
2022-12-07,Changi,30.0,23.6,0.0,75.9,10.4,Partly Cloudy
2022-12-08,Ang Mo Kio,30.1,24.8,0.0,80.9,11.4,Sunny
2022-12-09,Changi,29.8,24.8,0.0,81.6,18.3,Partly Cloudy
2022-12-10,Sentosa,30.2,23.5,0.0,68.0,19.6,Partly Cloudy
2022-12-11,Changi,30.4,23.6,0.0,76.8,19.9,Sunny
2022-12-12,Changi,31.1,23.0,16.5,91.3,17.1,Heavy Rain
2022-12-13,Jurong,,26.9,26.7,90.6,20.2,Heavy Rain
2022-12-14,Jurong,29.3,24.8,20.2,83.4,20.6,Heavy Rain
2022-12-15,Sentosa,29.0,23.9,0.0,80.5,17.2,Sunny
2022-12-16,Jurong,32.5,24.6,0.2,90.7,20.3,Light Rain
2022-12-17,Ang Mo Kio,32.6,23.7,21.3,94.3,13.6,Heavy Rain
2022-12-18,Jurong,32.1,24.2,8.7,88.8,11.6,Light Rain
2022-12-19,Ang Mo Kio,31.0,25.1,31.0,98.3,20.3,Heavy Rain
2022-12-20,Clementi,30.1,24.7,0.0,76.4,18.2,Cloudy
2022-12-21,Sentosa,28.7,23.5,0.8,81.1,15.8,Light Rain
2022-12-22,Jurong,31.0,25.4,1.0,89.7,9.6,Light Rain
2022-12-23,Changi,30.0,23.6,0.0,77.6,21.4,Sunny
2022-12-24,Sentosa,31.3,24.2,9.9,80.7,19.1,Light Rain
2022-12-25,Clementi,31.7,23.5,0.0,,12.4,Partly Cloudy
2022-12-26,Clementi,33.2,24.7,22.9,88.9,10.9,Heavy Rain
2022-12-27,Ang Mo Kio,29.3,24.9,,83.9,19.9,Light Rain
2022-12-28,Jurong,31.7,25.8,0.0,76.4,10.4,Sunny
2022-12-29,Ang Mo Kio,28.1,25.2,0.0,82.5,12.7,Partly Cloudy
2022-12-30,Ang Mo Kio,30.6,25.4,18.6,87.3,20.4,Heavy Rain
2022-12-31,Clementi,31.3,24.4,5.2,87.7,6.7,Light Rain
2023-01-01,Changi,31.6,24.6,0.0,74.6,17.9,Sunny
2023-01-02,Clementi,32.5,25.8,19.6,90.8,11.6,Heavy Rain
2023-01-03,Jurong,31.9,25.8,0.0,66.0,12.6,Partly Cloudy
2023-01-04,Sentosa,29.8,25.1,0.2,79.7,13.8,Light Rain
2023-01-05,Sentosa,29.6,25.6,0.0,77.9,9.0,Partly Cloudy
2023-01-06,Sentosa,30.6,23.9,17.7,79.1,14.1,Heavy Rain
2023-01-07,Ang Mo Kio,29.0,25.6,6.2,,9.7,Light Rain
2023-01-08,Jurong,34.4,,2.4,87.4,15.2,Light Rain
2023-01-09,Sentosa,31.5,24.3,0.0,85.9,4.8,Sunny
2023-01-10,Ang Mo Kio,31.9,23.4,26.3,88.1,23.6,Heavy Rain
2023-01-11,Jurong,30.8,24.4,58.5,90.7,23.2,Thunderstorm
2023-01-12,Ang Mo Kio,31.8,26.3,0.0,83.6,19.6,Sunny
2023-01-13,Changi,32.0,24.2,0.0,82.7,22.1,Partly Cloudy
2023-01-14,Changi,32.0,24.9,0.0,79.1,17.6,Partly Cloudy
2023-01-15,Clementi,32.1,24.8,0.0,87.1,16.9,Sunny
2023-01-16,Ang Mo Kio,30.9,24.1,0.0,72.2,,Cloudy
2023-01-17,Jurong,30.6,25.2,35.0,88.6,11.4,Heavy Rain
2023-01-18,Sentosa,30.3,23.9,9.5,87.0,17.0,Light Rain
2023-01-19,Changi,29.9,24.5,32.6,84.7,9.9,Heavy Rain
2023-01-20,Clementi,29.4,23.2,0.0,70.1,11.4,Partly Cloudy
2023-01-21,Jurong,31.2,25.1,6.5,100.0,10.7,Light Rain
2023-01-22,Clementi,28.3,23.9,14.7,87.8,6.5,Heavy Rain
2023-01-23,Clementi,29.5,24.4,0.0,59.9,8.2,Partly Cloudy
2023-01-24,Sentosa,30.7,23.7,14.2,83.5,,Heavy Rain
2023-01-25,Changi,,24.3,38.0,89.7,24.7,Heavy Rain
2023-01-26,Jurong,29.8,24.4,11.1,90.2,18.3,Heavy Rain
2023-01-27,Jurong,32.9,24.2,0.0,82.0,23.3,Partly Cloudy
2023-01-28,Jurong,29.7,25.8,0.0,81.2,11.3,Sunny
2023-01-29,Changi,29.3,23.6,13.4,85.3,20.8,Heavy Rain
2023-01-30,Sentosa,30.2,23.3,10.2,88.6,12.2,Heavy Rain
2023-01-31,Sentosa,28.1,24.3,2.6,82.6,12.9,Light Rain
2023-02-01,Changi,30.3,25.3,0.0,81.3,18.4,Partly Cloudy
2023-02-02,Clementi,32.6,24.6,0.0,76.5,16.2,Partly Cloudy
2023-02-03,Changi,30.3,23.9,0.0,78.3,11.4,Sunny
2023-02-04,Jurong,31.6,25.8,0.0,57.1,4.1,Partly Cloudy
2023-02-05,Ang Mo Kio,,25.3,0.0,86.0,17.4,Partly Cloudy
2023-02-06,Changi,32.8,24.6,0.0,59.0,24.3,Sunny
2023-02-07,Jurong,32.7,24.6,,81.0,13.0,Sunny
2023-02-08,Ang Mo Kio,31.3,27.0,0.0,63.4,7.7,Cloudy
2023-02-09,Clementi,30.2,25.4,15.7,80.5,14.0,Heavy Rain
2023-02-10,Ang Mo Kio,31.9,24.4,0.0,81.4,19.8,Sunny
2023-02-11,Clementi,28.5,25.4,0.0,70.7,13.8,Partly Cloudy
2023-02-12,Clementi,30.6,23.4,0.0,67.7,17.9,Partly Cloudy
2023-02-13,Changi,30.6,24.6,0.0,66.3,10.8,Partly Cloudy
2023-02-14,Clementi,29.3,24.7,0.0,80.6,,Partly Cloudy
2023-02-15,Ang Mo Kio,31.8,24.6,0.0,76.4,18.0,Sunny
2023-02-16,Clementi,29.0,25.3,0.0,73.5,10.1,Cloudy
2023-02-17,Changi,29.1,24.3,0.0,84.7,14.8,Sunny
2023-02-18,Changi,30.9,25.3,0.0,73.9,17.9,Partly Cloudy
2023-02-19,Sentosa,31.4,24.9,,93.0,11.1,Heavy Rain
2023-02-20,Clementi,31.3,24.5,12.5,87.3,12.1,Heavy Rain
2023-02-21,Sentosa,29.7,22.2,0.0,72.7,14.5,Sunny
2023-02-22,Clementi,31.7,25.8,4.4,88.6,9.6,Light Rain
2023-02-23,Ang Mo Kio,32.4,24.8,0.0,67.7,11.3,Cloudy
2023-02-24,Changi,30.5,25.5,0.0,76.2,13.6,Partly Cloudy
2023-02-25,Jurong,30.4,26.6,6.5,91.3,21.7,Light Rain
2023-02-26,Sentosa,30.2,23.6,17.6,83.3,24.6,Heavy Rain
2023-02-27,Changi,30.1,23.8,0.0,71.3,8.5,Partly Cloudy
2023-02-28,Jurong,34.4,23.9,11.3,85.5,20.6,Heavy Rain
2023-03-01,Sentosa,,24.8,0.0,75.4,12.0,Partly Cloudy
2023-03-02,Sentosa,30.1,25.1,0.0,80.3,12.2,Partly Cloudy
2023-03-03,Changi,32.0,25.3,10.1,97.1,10.1,Heavy Rain
2023-03-04,Changi,30.4,24.1,0.0,68.0,11.2,Cloudy
2023-03-05,Ang Mo Kio,31.6,25.1,0.0,87.3,8.4,Sunny
2023-03-06,Jurong,32.9,24.4,10.9,93.5,7.0,Heavy Rain
2023-03-07,Clementi,30.1,26.2,8.9,90.2,15.5,Light Rain
2023-03-08,Jurong,32.6,25.9,0.0,72.4,15.3,Cloudy
2023-03-09,Clementi,31.5,24.2,0.0,93.6,12.2,Partly Cloudy
2023-03-10,Jurong,32.2,23.9,17.1,85.8,9.9,Heavy Rain
2023-03-11,Ang Mo Kio,32.4,25.7,11.7,84.6,11.8,Heavy Rain
2023-03-12,Clementi,32.2,25.7,0.0,76.8,12.3,Partly Cloudy
2023-03-13,Jurong,33.3,24.5,0.0,70.6,14.8,Partly Cloudy
2023-03-14,Sentosa,30.5,24.6,0.0,80.6,14.0,Partly Cloudy
2023-03-15,Jurong,31.9,26.0,29.9,83.2,19.0,Heavy Rain
2023-03-16,Clementi,31.5,25.8,0.0,64.5,15.5,Partly Cloudy
2023-03-17,Jurong,30.6,25.8,0.0,69.6,14.4,Cloudy
2023-03-18,Jurong,31.7,24.8,0.0,71.4,4.6,Partly Cloudy
2023-03-19,Ang Mo Kio,32.2,25.1,20.2,88.7,8.1,Heavy Rain
2023-03-20,Changi,31.3,23.7,4.1,83.9,9.1,Light Rain
2023-03-21,Sentosa,30.5,23.0,0.0,67.7,8.9,Partly Cloudy
2023-03-22,Changi,30.6,23.4,23.7,90.4,9.8,Heavy Rain
2023-03-23,Jurong,32.2,25.7,9.7,90.6,,Light Rain
2023-03-24,Changi,32.7,26.2,0.0,77.9,13.6,Cloudy
2023-03-25,Jurong,32.6,26.1,0.0,71.8,14.0,Partly Cloudy
2023-03-26,Sentosa,32.4,24.3,0.5,83.2,12.4,Light Rain
2023-03-27,Ang Mo Kio,31.3,25.2,0.0,62.0,13.1,Sunny
2023-03-28,Changi,32.4,24.3,7.3,93.4,9.1,Light Rain
2023-03-29,Jurong,32.0,24.0,0.0,70.2,12.4,Sunny
2023-03-30,Changi,31.5,25.1,0.0,70.2,9.9,Sunny
2023-03-31,Sentosa,30.5,25.1,0.0,79.1,16.4,Sunny
2023-04-01,Sentosa,31.7,24.3,16.2,87.5,9.6,Heavy Rain
2023-04-02,Changi,32.5,25.9,20.6,88.1,7.1,Heavy Rain
2023-04-03,Changi,31.4,26.6,5.7,75.7,10.1,Light Rain
2023-04-04,Ang Mo Kio,32.0,26.0,15.9,81.3,16.4,Heavy Rain
2023-04-05,Clementi,32.3,25.6,1.1,82.8,14.6,Light Rain
2023-04-06,Jurong,35.1,26.6,0.0,85.9,10.3,Cloudy
2023-04-07,Jurong,33.0,25.1,3.1,86.0,17.7,Light Rain
2023-04-08,Ang Mo Kio,32.4,26.9,1.0,75.3,20.6,Light Rain
2023-04-09,Clementi,31.8,25.1,2.3,88.4,9.2,Light Rain
2023-04-10,Jurong,32.4,24.2,10.3,87.9,11.9,Heavy Rain
2023-04-11,Changi,29.1,25.0,,92.9,6.2,Light Rain
2023-04-12,Sentosa,32.8,25.8,0.0,74.1,13.3,Sunny
2023-04-13,Sentosa,31.8,24.4,12.1,95.2,10.8,Heavy Rain
2023-04-14,Sentosa,31.6,24.7,19.1,83.2,9.4,Heavy Rain
2023-04-15,Sentosa,31.9,25.1,6.2,87.1,8.0,Light Rain
2023-04-16,Jurong,33.6,26.4,0.0,82.3,16.5,Sunny
2023-04-17,Clementi,30.7,24.2,0.0,63.4,7.1,Sunny
2023-04-18,Changi,32.3,24.4,0.0,71.9,8.8,Cloudy
2023-04-19,Changi,31.0,24.8,2.3,81.4,15.1,Light Rain
2023-04-20,Jurong,32.2,25.9,0.0,93.2,12.4,Sunny
2023-04-21,Sentosa,31.4,24.6,0.0,58.9,17.0,Partly Cloudy
2023-04-22,Ang Mo Kio,32.4,25.6,1.9,85.8,11.7,Light Rain
2023-04-23,Clementi,32.3,26.0,0.0,83.9,11.1,Partly Cloudy
2023-04-24,Sentosa,31.7,26.2,0.0,77.1,12.8,Partly Cloudy
2023-04-25,Clementi,32.1,24.4,3.3,86.0,8.8,Light Rain
2023-04-26,Sentosa,32.1,24.9,0.0,69.9,13.1,Sunny
2023-04-27,Ang Mo Kio,33.3,25.4,17.7,90.5,12.8,Heavy Rain
2023-04-28,Jurong,33.9,26.8,0.0,66.0,9.6,Cloudy
2023-04-29,Sentosa,32.2,24.5,0.0,75.1,15.6,Partly Cloudy
2023-04-30,Changi,31.6,25.3,0.0,66.6,11.9,Partly Cloudy
2023-05-01,Changi,31.7,25.2,0.0,79.5,14.5,Cloudy
2023-05-02,Jurong,32.7,25.4,22.2,91.6,9.1,Heavy Rain
2023-05-03,Changi,30.5,26.0,5.3,88.1,5.8,Light Rain
2023-05-04,Ang Mo Kio,32.5,25.2,0.0,78.0,10.7,Partly Cloudy
2023-05-05,Changi,30.0,24.7,6.1,81.0,10.6,Light Rain
2023-05-06,Clementi,31.3,27.0,8.2,92.5,13.3,Light Rain
2023-05-07,Jurong,33.8,25.1,16.8,83.2,2.0,Heavy Rain
2023-05-08,Clementi,31.7,27.4,4.8,86.1,7.6,Light Rain
2023-05-09,Jurong,,25.2,20.1,91.2,12.3,Heavy Rain
2023-05-10,Jurong,31.7,26.6,13.5,84.9,4.7,Heavy Rain
2023-05-11,Ang Mo Kio,32.7,26.3,28.0,90.4,14.6,Heavy Rain
2023-05-12,Clementi,33.4,24.4,0.0,75.2,13.2,Sunny
2023-05-13,Changi,30.2,,8.9,94.1,11.2,Light Rain
2023-05-14,Ang Mo Kio,34.3,27.3,10.6,85.5,9.3,Heavy Rain
2023-05-15,Jurong,32.3,23.8,,86.6,12.2,Light Rain
2023-05-16,Ang Mo Kio,32.8,,0.0,78.3,21.2,Partly Cloudy
2023-05-17,Changi,33.1,25.1,13.9,86.3,11.9,Heavy Rain
2023-05-18,Changi,31.7,25.9,0.0,86.0,15.4,Cloudy
2023-05-19,Sentosa,31.5,24.3,0.0,79.2,14.7,Partly Cloudy
2023-05-20,Sentosa,32.7,25.5,0.0,63.2,9.8,Partly Cloudy
2023-05-21,Changi,32.3,24.6,0.0,74.6,9.2,Partly Cloudy
2023-05-22,Changi,30.5,23.8,10.2,86.6,9.2,Heavy Rain
2023-05-23,Jurong,31.4,25.7,,97.1,10.8,Heavy Rain
2023-05-24,Clementi,31.4,26.9,2.7,87.3,16.1,Light Rain
2023-05-25,Jurong,33.3,26.7,0.0,78.5,15.1,Partly Cloudy
2023-05-26,Ang Mo Kio,33.8,26.1,0.0,67.3,11.6,Sunny
2023-05-27,Clementi,33.4,24.2,0.0,89.8,9.7,Partly Cloudy
2023-05-28,Changi,33.0,23.6,5.6,82.0,17.6,Light Rain
2023-05-29,Changi,31.9,24.8,17.8,86.4,8.8,Heavy Rain
2023-05-30,Changi,32.2,23.9,1.7,89.6,7.4,Light Rain
2023-05-31,Changi,32.4,23.4,34.7,89.9,15.4,Heavy Rain
2023-06-01,Clementi,33.7,24.3,0.0,88.5,15.1,Partly Cloudy
2023-06-02,Jurong,34.6,25.6,0.0,80.4,8.3,Cloudy
2023-06-03,Sentosa,30.4,25.5,0.0,71.5,16.1,Partly Cloudy
2023-06-04,Changi,31.6,25.5,7.3,82.8,22.1,Light Rain
2023-06-05,Changi,33.6,24.3,0.0,86.9,12.5,Partly Cloudy
2023-06-06,Sentosa,30.4,25.7,20.8,89.8,11.8,Heavy Rain
2023-06-07,Sentosa,31.5,24.5,0.0,73.0,19.0,Partly Cloudy
2023-06-08,Sentosa,31.0,25.1,0.0,69.2,12.2,Sunny
2023-06-09,Changi,33.1,25.1,0.0,72.4,10.8,Sunny
2023-06-10,Sentosa,30.8,25.1,0.0,56.1,9.1,Cloudy
2023-06-11,Sentosa,31.4,25.2,8.6,89.9,3.8,Light Rain
2023-06-12,Jurong,31.9,24.6,0.0,59.5,13.2,Partly Cloudy
2023-06-13,Ang Mo Kio,32.6,24.8,7.1,91.3,14.8,Light Rain
2023-06-14,Sentosa,31.1,25.7,0.0,75.2,17.8,Partly Cloudy
2023-06-15,Changi,,25.1,,66.7,11.6,Partly Cloudy
2023-06-16,Ang Mo Kio,30.5,24.9,9.0,85.0,16.1,Light Rain
2023-06-17,Sentosa,29.6,23.5,15.2,88.9,15.1,Heavy Rain
2023-06-18,Jurong,33.6,26.0,12.9,84.6,12.4,Heavy Rain
2023-06-19,Jurong,32.2,26.4,5.8,85.0,7.6,Light Rain
2023-06-20,Sentosa,31.5,26.2,0.0,90.6,6.8,Cloudy
2023-06-21,Ang Mo Kio,33.2,24.8,0.0,64.7,6.2,Cloudy
2023-06-22,Clementi,33.0,25.8,14.0,81.8,13.1,Heavy Rain
2023-06-23,Ang Mo Kio,32.7,24.9,0.0,87.4,13.7,Partly Cloudy
2023-06-24,Changi,32.9,24.7,8.6,98.1,17.1,Light Rain
2023-06-25,Jurong,31.9,24.7,0.0,71.5,12.0,Partly Cloudy
2023-06-26,Clementi,33.2,25.2,1.9,87.2,16.0,Light Rain
2023-06-27,Jurong,31.1,26.2,,82.0,10.5,Cloudy
2023-06-28,Changi,31.1,23.9,6.4,83.4,21.4,Light Rain
2023-06-29,Sentosa,34.7,25.2,0.0,69.1,20.9,Cloudy
2023-06-30,Ang Mo Kio,34.0,24.6,0.0,84.9,6.5,Sunny
2023-07-01,Changi,32.0,23.7,0.0,63.3,7.6,Partly Cloudy
2023-07-02,Sentosa,31.2,24.3,0.0,73.7,13.5,Partly Cloudy
2023-07-03,Jurong,31.2,23.9,5.2,87.6,8.9,Light Rain
2023-07-04,Clementi,30.8,25.6,0.0,76.7,12.1,Partly Cloudy
2023-07-05,Ang Mo Kio,31.6,24.7,0.0,74.8,13.7,Partly Cloudy
2023-07-06,Sentosa,31.7,23.9,1.8,96.6,9.6,Light Rain
2023-07-07,Clementi,32.7,25.1,0.0,71.2,13.2,Partly Cloudy
2023-07-08,Sentosa,32.2,25.2,0.0,70.6,13.7,Cloudy
2023-07-09,Changi,30.8,25.4,0.0,94.4,8.1,Cloudy
2023-07-10,Ang Mo Kio,33.6,25.0,17.8,91.0,12.6,Heavy Rain
2023-07-11,Jurong,31.1,25.5,30.7,74.5,12.1,Heavy Rain
2023-07-12,Ang Mo Kio,30.5,25.1,10.7,75.8,12.5,Heavy Rain
2023-07-13,Changi,31.2,25.1,9.8,72.9,17.1,Light Rain
2023-07-14,Sentosa,32.5,25.6,3.4,89.2,15.1,Light Rain
2023-07-15,Clementi,28.9,24.0,0.0,72.2,12.8,Partly Cloudy
2023-07-16,Changi,29.9,25.5,0.0,76.9,13.4,Cloudy
2023-07-17,Changi,31.0,25.1,0.0,100.0,6.6,Partly Cloudy
2023-07-18,Ang Mo Kio,31.6,25.4,24.3,84.3,95.0,Heavy Rain
2023-07-19,Clementi,30.8,25.6,0.0,78.8,14.8,Cloudy
2023-07-20,Ang Mo Kio,30.7,23.8,0.0,81.8,9.0,Partly Cloudy
2023-07-21,Sentosa,30.6,24.5,0.0,69.8,6.8,Cloudy
2023-07-22,Sentosa,28.6,25.4,0.0,87.0,18.2,Sunny
2023-07-23,Changi,29.8,24.8,0.0,,4.8,Partly Cloudy
2023-07-24,Sentosa,31.3,25.2,0.0,79.8,9.6,Sunny
2023-07-25,Clementi,,25.4,,71.1,8.2,Sunny
2023-07-26,Sentosa,33.1,23.2,0.0,59.1,4.7,Partly Cloudy
2023-07-27,Clementi,32.2,25.5,0.0,75.7,12.9,Partly Cloudy
2023-07-28,Jurong,32.4,25.9,0.0,79.8,12.3,Partly Cloudy
2023-07-29,Jurong,32.0,25.9,0.0,73.1,13.6,Partly Cloudy
2023-07-30,Jurong,32.3,25.2,0.0,72.0,,Partly Cloudy
2023-07-31,Jurong,31.8,25.5,0.0,,12.8,Partly Cloudy
2023-08-01,Clementi,30.4,25.3,0.0,67.8,3.7,Partly Cloudy
2023-08-02,Sentosa,33.2,24.4,0.0,79.1,5.1,Partly Cloudy
2023-08-03,Clementi,32.0,25.5,0.0,83.7,10.4,Partly Cloudy
2023-08-04,Clementi,32.8,26.5,0.0,72.9,13.7,Cloudy
2023-08-05,Changi,31.4,23.8,0.0,82.6,8.1,Cloudy
2023-08-06,Changi,33.3,24.6,0.0,83.3,15.1,Cloudy
2023-08-07,Ang Mo Kio,31.3,23.8,0.0,79.3,15.1,Cloudy
2023-08-08,Changi,31.3,26.3,5.6,92.2,14.0,Light Rain
2023-08-09,Sentosa,31.2,24.3,0.0,90.8,6.1,Cloudy
2023-08-10,Jurong,32.5,25.1,32.1,88.9,13.2,Heavy Rain
2023-08-11,Jurong,33.2,25.1,0.0,84.0,7.4,Partly Cloudy
2023-08-12,Clementi,31.3,24.3,6.3,89.7,6.4,Light Rain
2023-08-13,Ang Mo Kio,33.1,25.7,0.0,82.1,8.7,Partly Cloudy
2023-08-14,Clementi,34.2,25.3,0.0,78.4,9.0,Sunny
2023-08-15,Jurong,31.8,25.4,0.0,71.1,18.2,Sunny
2023-08-16,Jurong,32.5,24.8,8.8,90.6,7.2,Light Rain
2023-08-17,Clementi,32.2,24.4,9.9,89.0,10.5,Light Rain
2023-08-18,Jurong,30.7,25.8,0.0,65.2,9.1,Cloudy
2023-08-19,Clementi,32.1,25.4,0.0,70.5,4.3,Sunny
2023-08-20,Ang Mo Kio,32.3,25.0,0.0,70.5,14.4,Sunny
2023-08-21,Changi,31.4,24.4,0.0,88.2,6.8,Sunny
2023-08-22,Changi,29.8,25.4,0.0,76.8,7.5,Cloudy
2023-08-23,Sentosa,30.7,24.4,0.0,67.1,8.1,Sunny
2023-08-24,Sentosa,30.8,23.6,0.0,62.2,8.9,Partly Cloudy
2023-08-25,Jurong,,24.9,0.0,75.0,7.3,Partly Cloudy
2023-08-26,Clementi,31.8,26.4,0.0,,6.9,Partly Cloudy
2023-08-27,Sentosa,32.5,24.9,0.0,84.9,11.4,Sunny
2023-08-28,Clementi,34.6,25.8,10.0,87.3,13.7,Light Rain
2023-08-29,Changi,31.8,26.1,0.0,75.1,8.1,Partly Cloudy
2023-08-30,Sentosa,29.2,23.4,6.5,86.0,11.0,Light Rain
2023-08-31,Jurong,32.9,27.3,0.0,,7.1,Cloudy
2023-09-01,Jurong,31.2,27.3,21.7,81.3,12.6,Heavy Rain
2023-09-02,Jurong,31.9,25.7,0.0,85.5,15.3,Sunny
2023-09-03,Jurong,33.0,25.1,0.0,74.0,18.7,Sunny
2023-09-04,Jurong,,26.8,20.4,87.6,11.8,Heavy Rain
2023-09-05,Sentosa,28.9,24.4,0.0,89.8,13.5,Sunny
2023-09-06,Ang Mo Kio,30.1,,0.0,80.5,14.7,Cloudy
2023-09-07,Ang Mo Kio,32.6,26.5,0.0,79.0,23.0,Cloudy
2023-09-08,Changi,31.9,26.2,0.0,66.5,10.0,Cloudy
2023-09-09,Changi,29.5,24.2,21.7,,5.5,Heavy Rain
2023-09-10,Jurong,30.6,24.5,0.0,64.3,14.6,Sunny
2023-09-11,Changi,30.6,24.0,11.4,,10.1,Heavy Rain
2023-09-12,Changi,32.8,23.9,0.0,67.5,2.7,Sunny
2023-09-13,Changi,29.0,25.0,0.0,71.9,14.6,Partly Cloudy
2023-09-14,Clementi,33.6,24.6,0.0,67.6,8.3,Partly Cloudy
2023-09-15,Changi,31.3,24.6,0.0,68.5,9.3,Sunny
2023-09-16,Jurong,32.0,24.7,0.0,82.9,12.3,Partly Cloudy
2023-09-17,Changi,30.2,25.1,0.9,86.5,11.2,Light Rain
2023-09-18,Sentosa,29.3,24.9,1.2,90.5,12.6,Light Rain
2023-09-19,Jurong,32.1,24.8,3.4,87.6,12.4,Light Rain
2023-09-20,Changi,30.5,25.1,19.1,89.0,8.4,Heavy Rain
2023-09-21,Jurong,31.0,25.0,3.2,96.1,17.0,Light Rain
2023-09-22,Sentosa,30.4,24.3,0.0,68.6,17.7,Cloudy
2023-09-23,Changi,30.6,24.7,0.0,81.4,10.0,Partly Cloudy
2023-09-24,Clementi,,26.0,0.2,94.1,4.7,Light Rain
2023-09-25,Clementi,31.4,25.7,0.0,95.5,8.0,Partly Cloudy
2023-09-26,Clementi,31.9,24.6,0.0,57.2,5.6,Partly Cloudy
2023-09-27,Clementi,31.5,25.3,0.0,87.5,3.6,Cloudy
2023-09-28,Changi,31.8,25.5,0.0,68.2,15.4,Partly Cloudy
2023-09-29,Sentosa,30.9,25.6,0.0,80.5,12.6,Partly Cloudy
2023-09-30,Jurong,33.3,26.5,0.7,88.0,8.7,Light Rain
2023-10-01,Sentosa,29.8,24.9,0.0,71.3,13.7,Sunny
2023-10-02,Jurong,31.5,25.2,3.9,91.5,14.6,Light Rain
2023-10-03,Ang Mo Kio,32.4,26.2,29.0,86.7,7.1,Heavy Rain
2023-10-04,Sentosa,31.9,23.5,15.9,100.0,11.3,Heavy Rain
2023-10-05,Jurong,32.5,23.9,0.0,76.8,8.7,Partly Cloudy
2023-10-06,Jurong,32.6,25.3,0.0,74.3,7.3,Sunny
2023-10-07,Jurong,31.5,26.3,0.0,89.1,20.4,Sunny
2023-10-08,Sentosa,31.8,24.7,11.5,88.9,13.8,Heavy Rain
2023-10-09,Jurong,33.0,26.6,0.0,80.5,20.4,Sunny
2023-10-10,Ang Mo Kio,31.1,25.1,0.0,77.1,13.6,Partly Cloudy
2023-10-11,Clementi,32.4,24.6,0.0,80.7,16.4,Partly Cloudy
2023-10-12,Clementi,29.6,25.6,0.0,70.1,16.6,Sunny
2023-10-13,Sentosa,29.7,26.0,0.0,81.9,5.0,Partly Cloudy
2023-10-14,Clementi,31.5,24.8,0.0,78.5,10.5,Sunny
2023-10-15,Clementi,32.7,24.7,0.0,65.9,16.9,Sunny
2023-10-16,Changi,30.7,24.9,,65.3,16.5,Partly Cloudy
2023-10-17,Ang Mo Kio,31.2,24.4,1.3,83.6,6.7,Light Rain
2023-10-18,Jurong,32.8,25.6,0.0,87.0,15.2,Partly Cloudy
2023-10-19,Jurong,32.4,26.5,0.0,67.0,,Cloudy
2023-10-20,Sentosa,31.3,22.9,4.1,92.4,14.3,Light Rain
2023-10-21,Changi,31.9,23.4,2.7,85.9,13.0,Light Rain
2023-10-22,Sentosa,31.6,25.1,2.9,84.4,14.0,Light Rain
2023-10-23,Ang Mo Kio,34.2,25.6,21.9,72.7,12.0,Heavy Rain
2023-10-24,Changi,28.5,23.5,0.0,87.1,10.9,Partly Cloudy
2023-10-25,Sentosa,31.2,24.8,,,11.5,Partly Cloudy
2023-10-26,Changi,30.5,26.1,0.0,82.2,13.4,Partly Cloudy
2023-10-27,Jurong,33.3,25.2,0.0,69.2,18.4,Sunny
2023-10-28,Clementi,32.3,24.5,11.6,94.2,8.7,Heavy Rain
2023-10-29,Ang Mo Kio,32.5,26.2,10.1,89.6,11.6,Heavy Rain
2023-10-30,Clementi,31.7,25.4,0.0,73.9,9.0,Sunny
2023-10-31,Ang Mo Kio,32.7,24.5,0.0,68.5,15.1,Partly Cloudy
2023-11-01,Sentosa,32.2,24.8,0.0,84.5,9.5,Partly Cloudy
2023-11-02,Sentosa,,24.4,22.6,91.7,20.4,Heavy Rain
2023-11-03,Sentosa,34.0,24.0,12.1,83.8,7.9,Heavy Rain
2023-11-04,Clementi,31.9,23.1,0.0,67.7,17.1,Partly Cloudy
2023-11-05,Clementi,31.7,25.3,0.0,69.5,6.5,Partly Cloudy
2023-11-06,Jurong,30.4,24.7,2.2,94.6,15.5,Light Rain
2023-11-07,Sentosa,31.6,25.5,0.0,58.7,10.3,Partly Cloudy
2023-11-08,Changi,29.8,23.8,2.8,87.9,,Light Rain
2023-11-09,Changi,31.4,24.0,6.1,85.2,13.0,Light Rain
2023-11-10,Jurong,32.3,24.8,3.6,88.2,8.9,Light Rain
2023-11-11,Clementi,32.1,25.3,,91.6,12.5,Light Rain
2023-11-12,Jurong,32.1,25.0,28.2,83.7,15.4,Heavy Rain
2023-11-13,Ang Mo Kio,30.1,26.4,0.0,86.0,9.9,Cloudy
2023-11-14,Sentosa,31.8,24.2,0.0,79.0,12.3,Cloudy
2023-11-15,Sentosa,29.2,24.6,18.3,92.1,10.7,Heavy Rain
2023-11-16,Clementi,30.7,24.6,1.5,77.6,16.1,Light Rain
2023-11-17,Ang Mo Kio,30.3,24.4,0.0,77.8,5.8,Cloudy
2023-11-18,Sentosa,31.6,25.5,19.6,88.2,14.8,Heavy Rain
2023-11-19,Clementi,32.7,24.8,5.9,86.6,6.2,Light Rain
2023-11-20,Sentosa,32.6,25.4,0.0,76.1,6.6,Cloudy
2023-11-21,Jurong,33.3,25.1,5.4,87.4,13.9,Light Rain
2023-11-22,Clementi,33.5,23.5,0.2,93.7,13.9,Light Rain
2023-11-23,Clementi,30.1,25.0,9.1,82.6,10.9,Light Rain
2023-11-24,Jurong,31.6,26.5,0.0,81.9,12.8,Cloudy
2023-11-25,Clementi,29.8,25.1,71.5,83.3,38.0,Thunderstorm
2023-11-26,Clementi,,24.1,30.4,90.5,10.8,Heavy Rain
2023-11-27,Sentosa,29.9,25.4,21.5,91.3,19.4,Heavy Rain
2023-11-28,Ang Mo Kio,31.1,25.3,21.4,,14.2,Heavy Rain
2023-11-29,Jurong,33.7,26.1,0.0,87.0,11.3,Partly Cloudy
2023-11-30,Changi,32.9,24.7,63.0,84.4,19.2,Thunderstorm
2023-12-01,Sentosa,30.8,21.9,0.0,,17.1,Sunny
2023-12-02,Changi,28.6,24.5,0.4,82.2,12.1,Light Rain
2023-12-03,Sentosa,30.0,24.7,22.5,92.0,10.3,Heavy Rain
2023-12-04,Jurong,29.8,24.9,22.5,88.6,12.5,Heavy Rain
2023-12-05,Clementi,32.2,24.7,0.7,81.5,11.7,Light Rain
2023-12-06,Ang Mo Kio,30.0,25.5,52.3,92.2,25.0,Thunderstorm
2023-12-07,Jurong,30.2,24.9,0.0,67.5,11.3,Cloudy
2023-12-08,Clementi,32.5,24.4,8.0,92.8,20.0,Light Rain
2023-12-09,Changi,32.1,24.0,0.0,78.2,21.8,Sunny
2023-12-10,Jurong,30.2,24.3,21.6,86.4,13.8,Heavy Rain
2023-12-11,Ang Mo Kio,32.8,24.0,28.8,87.7,17.2,Heavy Rain
2023-12-12,Jurong,31.1,24.2,0.0,62.8,13.6,Partly Cloudy
2023-12-13,Sentosa,31.1,25.7,0.0,59.3,11.7,Partly Cloudy
2023-12-14,Clementi,31.9,25.5,45.1,84.9,19.1,Thunderstorm
2023-12-15,Ang Mo Kio,31.4,23.8,10.0,97.6,11.3,Light Rain
2023-12-16,Ang Mo Kio,32.0,23.8,4.9,93.4,,Light Rain
2023-12-17,Sentosa,29.0,22.7,,85.0,8.1,Heavy Rain
2023-12-18,Changi,30.0,23.2,0.0,73.6,2.8,Sunny
2023-12-19,Clementi,29.8,23.2,4.6,96.5,19.3,Light Rain
2023-12-20,Changi,29.5,25.5,,79.2,11.8,Cloudy
2023-12-21,Ang Mo Kio,33.7,23.9,,97.7,18.3,Thunderstorm
2023-12-22,Changi,32.9,24.5,7.9,92.7,18.5,Light Rain
2023-12-23,Clementi,31.0,24.1,8.4,81.0,22.9,Light Rain
2023-12-24,Clementi,30.1,25.4,36.8,89.0,18.1,Heavy Rain
2023-12-25,Clementi,33.8,24.1,0.0,65.7,15.4,Sunny
2023-12-26,Sentosa,32.2,25.8,0.0,74.3,15.7,Sunny
2023-12-27,Changi,29.5,24.7,25.8,88.0,17.9,Heavy Rain
2023-12-28,Clementi,30.3,24.0,27.5,94.5,19.9,Heavy Rain
2023-12-29,Changi,30.6,24.6,0.0,65.1,18.1,Cloudy
2023-12-30,Clementi,31.1,25.5,10.0,90.3,15.8,Light Rain
2023-12-31,Clementi,31.3,24.8,0.0,15.0,16.9,Sunny
2024-01-01,Changi,29.5,23.4,0.0,65.7,22.0,Sunny
2024-01-02,Jurong,29.3,26.0,24.4,92.8,19.6,Heavy Rain
2024-01-03,Changi,32.0,24.1,11.6,88.4,8.8,Heavy Rain
2024-01-04,Jurong,33.7,24.6,22.7,,14.0,Heavy Rain
2024-01-05,Clementi,30.2,26.6,64.7,91.4,38.7,Thunderstorm
2024-01-06,Jurong,29.6,25.8,5.7,89.2,17.7,Light Rain
2024-01-07,Jurong,31.1,26.4,5.6,90.6,17.4,Light Rain
2024-01-08,Clementi,,26.1,5.2,90.8,9.5,Light Rain
2024-01-09,Jurong,,25.3,0.0,86.2,14.4,Sunny
2024-01-10,Changi,27.2,23.9,0.0,85.4,20.1,Partly Cloudy
2024-01-11,Sentosa,30.4,25.0,29.7,88.1,12.1,Heavy Rain
2024-01-12,Clementi,28.8,25.1,15.2,91.0,13.9,Heavy Rain
2024-01-13,Clementi,31.3,24.8,43.2,90.3,24.3,Thunderstorm
2024-01-14,Changi,30.6,24.5,0.0,84.3,,Cloudy
2024-01-15,Changi,28.3,24.1,0.0,83.7,21.5,Sunny
2024-01-16,Jurong,30.6,23.8,31.4,91.3,,Heavy Rain
2024-01-17,Sentosa,29.4,24.8,45.8,84.9,13.8,Thunderstorm
2024-01-18,Ang Mo Kio,30.0,25.6,46.2,97.3,16.8,Thunderstorm
2024-01-19,Clementi,32.3,23.9,6.1,90.8,12.2,Light Rain
2024-01-20,Changi,32.5,22.8,0.0,80.2,19.4,Sunny
2024-01-21,Ang Mo Kio,31.7,25.3,26.3,84.5,19.7,Heavy Rain
2024-01-22,Clementi,29.8,25.4,12.2,84.5,14.2,Heavy Rain
2024-01-23,Clementi,30.6,24.1,91.8,76.3,17.8,Thunderstorm
2024-01-24,Clementi,30.7,25.1,0.0,80.1,13.1,Cloudy
2024-01-25,Sentosa,30.0,23.1,1.0,93.2,19.1,Light Rain
2024-01-26,Clementi,32.3,25.2,0.0,80.4,22.5,Sunny
2024-01-27,Changi,,24.9,0.0,75.1,9.1,Sunny
2024-01-28,Ang Mo Kio,32.2,24.3,9.9,95.4,26.2,Light Rain
2024-01-29,Clementi,29.2,25.6,0.0,85.9,18.6,Partly Cloudy
2024-01-30,Ang Mo Kio,30.5,24.3,1.5,80.3,9.2,Light Rain
2024-01-31,Ang Mo Kio,31.3,25.2,0.0,83.9,18.3,Sunny
2024-02-01,Ang Mo Kio,32.1,24.8,6.1,90.8,22.9,Light Rain
2024-02-02,Jurong,33.0,25.7,10.6,83.1,19.5,Heavy Rain
2024-02-03,Changi,31.2,24.3,13.7,93.0,21.2,Heavy Rain
2024-02-04,Ang Mo Kio,30.4,24.9,11.7,89.3,14.5,Heavy Rain
2024-02-05,Clementi,27.4,23.6,0.2,88.4,10.7,Light Rain
2024-02-06,Clementi,31.6,24.5,5.4,90.7,16.7,Light Rain
2024-02-07,Clementi,33.9,23.9,0.0,73.1,20.0,Partly Cloudy
2024-02-08,Ang Mo Kio,29.7,25.6,0.0,83.6,9.7,Sunny
2024-02-09,Changi,30.7,24.8,10.1,90.2,12.2,Heavy Rain
2024-02-10,Sentosa,30.8,24.7,38.5,83.8,18.2,Heavy Rain
2024-02-11,Sentosa,31.2,24.9,0.0,78.4,17.7,Cloudy
2024-02-12,Sentosa,31.0,24.3,0.3,88.3,9.8,Light Rain
2024-02-13,Sentosa,31.2,23.6,0.0,76.7,13.1,Sunny
2024-02-14,Sentosa,28.7,24.5,0.0,58.7,19.3,Cloudy
2024-02-15,Jurong,30.4,24.4,0.0,74.4,6.8,Cloudy
2024-02-16,Changi,30.9,23.3,15.4,99.9,14.1,Heavy Rain
2024-02-17,Clementi,29.6,25.2,,80.9,,Light Rain
2024-02-18,Ang Mo Kio,28.6,24.7,0.0,67.1,16.4,Partly Cloudy
2024-02-19,Clementi,29.8,24.9,0.0,69.0,16.6,Sunny
2024-02-20,Changi,32.6,24.4,12.6,84.2,11.6,Heavy Rain
2024-02-21,Jurong,31.8,23.7,0.0,76.7,8.8,Sunny
2024-02-22,Sentosa,28.3,25.1,0.0,82.7,15.2,Partly Cloudy
2024-02-23,Sentosa,30.1,24.3,0.0,89.0,16.5,Sunny
2024-02-24,Jurong,32.1,24.8,0.0,65.7,7.6,Sunny
2024-02-25,Clementi,30.0,25.1,3.2,87.4,12.5,Light Rain
2024-02-26,Jurong,31.8,25.4,0.3,96.6,15.6,Light Rain
2024-02-27,Changi,30.4,24.0,12.0,85.7,17.9,Heavy Rain
2024-02-28,Sentosa,30.4,23.2,32.8,83.0,9.9,Heavy Rain
2024-02-29,Ang Mo Kio,30.9,25.3,22.3,90.9,13.2,Heavy Rain
2024-03-01,Clementi,,24.4,28.7,89.1,9.6,Heavy Rain
2024-03-02,Ang Mo Kio,33.2,25.1,0.0,,17.5,Partly Cloudy
2024-03-03,Clementi,31.9,25.8,0.0,77.2,13.3,Sunny
2024-03-04,Jurong,31.2,24.5,0.0,92.1,9.0,Partly Cloudy
2024-03-05,Changi,29.4,24.2,19.0,93.5,10.7,Heavy Rain
2024-03-06,Jurong,31.4,25.6,27.4,90.3,8.0,Heavy Rain
2024-03-07,Jurong,31.8,25.4,4.7,89.2,8.4,Light Rain
2024-03-08,Ang Mo Kio,31.1,24.0,10.1,86.4,14.6,Heavy Rain
2024-03-09,Jurong,34.1,24.8,0.0,67.7,7.2,Partly Cloudy
2024-03-10,Changi,32.5,24.8,2.3,85.7,15.5,Light Rain
2024-03-11,Sentosa,30.5,26.3,27.1,89.2,11.4,Heavy Rain
2024-03-12,Ang Mo Kio,31.3,25.8,17.9,86.4,12.0,Heavy Rain
2024-03-13,Ang Mo Kio,32.3,25.0,20.9,98.2,21.7,Heavy Rain
2024-03-14,Ang Mo Kio,32.4,24.2,14.0,97.8,14.7,Heavy Rain
2024-03-15,Sentosa,30.9,25.2,7.4,95.0,17.7,Light Rain
2024-03-16,Changi,30.3,24.8,0.0,72.4,18.8,Partly Cloudy
2024-03-17,Clementi,,24.0,1.0,89.7,11.8,Light Rain
2024-03-18,Clementi,32.5,23.9,0.0,86.8,9.8,Sunny
2024-03-19,Sentosa,33.4,24.5,0.0,77.5,15.0,Partly Cloudy
2024-03-20,Changi,31.2,24.3,0.0,86.6,13.1,Sunny
2024-03-21,Clementi,30.7,25.6,7.0,86.9,12.9,Light Rain
2024-03-22,Ang Mo Kio,30.4,25.0,13.7,80.3,4.0,Heavy Rain
2024-03-23,Changi,30.8,26.5,0.0,70.6,13.8,Partly Cloudy
2024-03-24,Ang Mo Kio,31.5,24.5,2.5,93.8,8.9,Light Rain
2024-03-25,Clementi,32.7,26.7,0.2,83.5,12.6,Light Rain
2024-03-26,Jurong,,26.0,24.8,86.5,12.2,Heavy Rain
2024-03-27,Clementi,31.8,24.7,0.0,67.6,12.2,Sunny
2024-03-28,Ang Mo Kio,31.2,23.5,0.0,,8.9,Cloudy
2024-03-29,Clementi,31.3,24.7,0.0,73.8,2.0,Sunny
2024-03-30,Ang Mo Kio,33.1,24.3,0.0,84.5,10.7,Partly Cloudy
2024-03-31,Ang Mo Kio,31.7,25.4,0.0,68.5,9.2,Sunny
2024-04-01,Sentosa,32.3,24.9,0.0,72.5,17.0,Partly Cloudy
2024-04-02,Clementi,,26.5,5.5,81.3,14.5,Light Rain
2024-04-03,Jurong,33.0,25.9,55.1,91.1,27.7,Thunderstorm
2024-04-04,Changi,34.0,24.1,0.0,60.0,15.2,Sunny
2024-04-05,Clementi,32.2,25.8,0.0,67.6,10.9,Partly Cloudy
2024-04-06,Ang Mo Kio,31.3,25.7,7.9,94.3,12.9,Light Rain
2024-04-07,Clementi,31.4,25.1,0.0,76.9,11.1,Cloudy
2024-04-08,Jurong,32.3,25.7,26.6,85.3,9.1,Heavy Rain
2024-04-09,Jurong,31.8,24.4,3.4,93.1,17.2,Light Rain
2024-04-10,Ang Mo Kio,32.0,23.7,0.0,75.9,13.4,Partly Cloudy
2024-04-11,Changi,32.5,24.4,1.9,76.2,18.4,Light Rain
2024-04-12,Jurong,33.2,25.9,2.3,87.9,9.0,Light Rain
2024-04-13,Changi,33.3,25.0,0.0,73.8,10.2,Partly Cloudy
2024-04-14,Changi,31.6,25.1,0.0,58.6,,Partly Cloudy
2024-04-15,Clementi,30.9,26.7,6.4,86.6,8.2,Light Rain
2024-04-16,Clementi,32.0,26.8,7.5,94.2,9.1,Light Rain
2024-04-17,Jurong,32.6,26.8,0.0,62.0,8.2,Partly Cloudy
2024-04-18,Sentosa,33.0,24.7,0.0,79.7,5.9,Cloudy
2024-04-19,Sentosa,32.1,25.0,0.6,88.0,7.7,Light Rain
2024-04-20,Sentosa,29.1,26.8,0.0,74.9,16.3,Sunny
2024-04-21,Clementi,,25.5,0.0,79.3,12.5,Sunny
2024-04-22,Jurong,30.4,25.6,0.0,68.4,16.4,Partly Cloudy
2024-04-23,Changi,31.3,,1.6,86.4,12.0,Light Rain
2024-04-24,Sentosa,31.6,24.8,0.0,84.3,14.4,Cloudy
2024-04-25,Changi,29.5,24.3,0.0,83.2,12.8,Partly Cloudy
2024-04-26,Ang Mo Kio,34.1,25.0,0.0,92.4,16.3,Sunny
2024-04-27,Sentosa,30.4,24.5,12.0,91.7,11.0,Heavy Rain
2024-04-28,Ang Mo Kio,33.0,23.9,40.2,96.6,,Thunderstorm
2024-04-29,Sentosa,45.2,25.5,0.0,71.1,13.0,Partly Cloudy
2024-04-30,Sentosa,32.5,24.8,0.2,80.9,15.5,Light Rain
2024-05-01,Clementi,32.6,25.2,3.0,92.5,13.0,Light Rain
2024-05-02,Changi,31.6,24.9,0.0,70.9,5.0,Sunny
2024-05-03,Jurong,32.2,26.7,0.0,71.9,7.5,Sunny
2024-05-04,Clementi,34.4,24.6,5.5,85.6,11.3,Light Rain
2024-05-05,Sentosa,31.9,25.1,0.0,69.3,,Sunny
2024-05-06,Sentosa,31.4,25.3,3.1,86.5,12.5,Light Rain
2024-05-07,Ang Mo Kio,34.8,24.7,0.0,75.3,8.4,Partly Cloudy
2024-05-08,Changi,32.4,24.2,0.0,69.3,23.9,Cloudy
2024-05-09,Sentosa,28.0,25.6,35.7,86.5,17.9,Heavy Rain
2024-05-10,Changi,31.0,24.7,0.0,79.0,6.9,Partly Cloudy
2024-05-11,Sentosa,31.9,25.1,6.7,83.9,8.1,Light Rain
2024-05-12,Changi,31.0,25.4,0.0,69.3,12.1,Sunny
2024-05-13,Clementi,31.4,24.0,0.0,74.4,10.6,Sunny
2024-05-14,Ang Mo Kio,32.1,25.4,1.7,85.6,11.9,Light Rain
2024-05-15,Changi,30.4,23.9,5.9,89.1,8.5,Light Rain
2024-05-16,Clementi,31.7,25.9,13.4,90.7,13.7,Heavy Rain
2024-05-17,Clementi,31.3,26.2,0.0,75.9,6.2,Sunny
2024-05-18,Jurong,32.5,24.6,31.6,90.0,6.8,Heavy Rain
2024-05-19,Clementi,31.4,26.7,0.0,66.5,21.8,Sunny
2024-05-20,Jurong,30.0,25.5,0.0,67.1,13.3,Partly Cloudy
2024-05-21,Sentosa,30.9,24.0,0.0,72.8,13.7,Partly Cloudy
2024-05-22,Clementi,34.4,24.5,1.9,87.5,17.1,Light Rain
2024-05-23,Clementi,33.0,25.4,0.0,81.2,9.9,Cloudy
2024-05-24,Ang Mo Kio,31.1,24.9,0.0,74.5,8.3,Sunny
2024-05-25,Sentosa,31.1,,0.0,79.1,7.7,Partly Cloudy
2024-05-26,Ang Mo Kio,31.2,25.9,43.4,91.4,28.8,Thunderstorm
2024-05-27,Sentosa,31.4,25.9,0.0,93.6,14.5,Cloudy
2024-05-28,Ang Mo Kio,33.3,25.9,4.8,78.4,15.1,Light Rain
2024-05-29,Ang Mo Kio,33.0,25.9,0.0,,13.5,Partly Cloudy
2024-05-30,Changi,31.2,25.7,0.0,71.1,12.7,Partly Cloudy
2024-05-31,Sentosa,31.2,25.1,4.9,81.6,2.8,Light Rain
2024-06-01,Ang Mo Kio,32.2,26.6,0.0,73.1,8.6,Partly Cloudy
2024-06-02,Jurong,31.4,24.2,8.1,90.7,12.1,Light Rain
2024-06-03,Clementi,32.3,,16.7,97.4,9.6,Heavy Rain
2024-06-04,Clementi,34.2,25.7,0.0,75.7,15.7,Partly Cloudy
2024-06-05,Sentosa,30.0,25.2,0.0,73.4,14.7,Partly Cloudy
2024-06-06,Clementi,32.1,25.1,0.0,84.3,16.0,Sunny
2024-06-07,Sentosa,31.6,24.9,1.9,91.0,8.7,Light Rain
2024-06-08,Sentosa,29.6,26.1,10.4,83.1,18.2,Heavy Rain
2024-06-09,Changi,33.5,24.8,7.4,95.9,12.8,Light Rain
2024-06-10,Jurong,33.1,25.7,6.1,97.5,11.3,Light Rain
2024-06-11,Sentosa,32.1,26.4,0.0,93.8,13.2,Sunny
2024-06-12,Clementi,31.2,24.6,11.1,89.9,8.4,Heavy Rain
2024-06-13,Jurong,32.3,24.3,0.0,80.3,7.2,Sunny
2024-06-14,Ang Mo Kio,32.8,24.7,0.0,71.5,12.5,Sunny
2024-06-15,Sentosa,30.4,24.8,0.0,75.1,12.7,Partly Cloudy
2024-06-16,Clementi,32.2,25.4,0.0,71.2,12.3,Partly Cloudy
2024-06-17,Clementi,33.3,24.8,1.2,83.8,9.0,Light Rain
2024-06-18,Ang Mo Kio,32.4,24.0,9.3,79.8,7.3,Light Rain
2024-06-19,Clementi,31.6,26.6,0.0,78.3,11.9,Cloudy
2024-06-20,Changi,32.5,25.9,0.0,70.6,13.1,Sunny
2024-06-21,Ang Mo Kio,35.4,27.3,0.0,74.1,15.5,Cloudy
2024-06-22,Jurong,33.8,25.4,0.0,76.8,15.5,Partly Cloudy
2024-06-23,Sentosa,32.9,25.2,0.6,92.3,11.5,Light Rain
2024-06-24,Sentosa,31.3,24.9,0.0,74.2,12.6,Cloudy
2024-06-25,Ang Mo Kio,31.6,24.9,6.2,86.9,10.6,Light Rain
2024-06-26,Jurong,31.0,24.9,11.8,84.6,10.2,Heavy Rain
2024-06-27,Clementi,32.9,25.4,0.0,83.3,19.0,Sunny
2024-06-28,Sentosa,31.0,25.9,6.6,84.5,14.8,Light Rain
2024-06-29,Clementi,35.2,24.9,0.0,80.5,7.7,Partly Cloudy
2024-06-30,Ang Mo Kio,33.6,26.9,0.0,70.2,15.5,Partly Cloudy
2024-07-01,Changi,31.6,25.6,,82.8,19.8,Light Rain
2024-07-02,Sentosa,27.8,26.3,0.0,84.8,13.8,Sunny
2024-07-03,Clementi,29.3,25.4,0.0,76.9,12.2,Cloudy
2024-07-04,Sentosa,31.3,24.4,0.0,68.8,19.3,Partly Cloudy
2024-07-05,Ang Mo Kio,32.4,24.9,0.0,74.1,12.5,Partly Cloudy
2024-07-06,Jurong,32.6,25.8,0.4,82.1,8.1,Light Rain
2024-07-07,Jurong,31.4,25.8,0.0,66.8,10.2,Partly Cloudy
2024-07-08,Changi,31.4,23.4,3.8,95.0,15.1,Light Rain
2024-07-09,Clementi,31.3,25.8,2.6,83.3,10.4,Light Rain
2024-07-10,Sentosa,30.9,25.7,0.0,69.5,8.6,Sunny
2024-07-11,Jurong,28.5,24.2,0.0,72.3,9.0,Partly Cloudy
2024-07-12,Jurong,32.1,24.6,0.0,83.8,15.9,Sunny
2024-07-13,Jurong,32.9,24.8,3.6,90.4,10.6,Light Rain
2024-07-14,Clementi,30.9,25.2,13.3,81.7,13.4,Heavy Rain
2024-07-15,Ang Mo Kio,30.6,25.2,21.2,89.2,21.3,Heavy Rain
2024-07-16,Jurong,33.4,25.4,0.0,93.7,9.9,Cloudy
2024-07-17,Changi,,24.7,0.0,70.4,12.6,Cloudy
2024-07-18,Clementi,,24.4,0.0,62.0,9.6,Sunny
2024-07-19,Clementi,33.2,24.5,0.0,75.3,10.2,Partly Cloudy
2024-07-20,Sentosa,29.8,24.2,0.0,76.8,11.8,Partly Cloudy
2024-07-21,Changi,29.7,24.0,0.0,78.3,14.0,Partly Cloudy
2024-07-22,Ang Mo Kio,31.1,26.3,0.0,79.8,11.3,Sunny
2024-07-23,Changi,30.5,,0.0,81.6,15.4,Sunny
2024-07-24,Changi,30.9,25.4,0.0,77.8,7.9,Partly Cloudy
2024-07-25,Clementi,33.2,25.0,0.0,79.2,14.9,Partly Cloudy
2024-07-26,Sentosa,29.8,25.1,16.2,86.4,12.3,Heavy Rain
2024-07-27,Changi,30.5,24.7,0.2,84.8,17.1,Light Rain
2024-07-28,Changi,30.6,24.8,5.4,91.6,9.7,Light Rain
2024-07-29,Jurong,31.7,25.2,0.3,81.8,7.9,Light Rain
2024-07-30,Ang Mo Kio,31.6,25.2,0.0,65.5,5.2,Sunny
2024-07-31,Ang Mo Kio,30.7,24.5,0.0,85.0,13.6,Partly Cloudy
2024-08-01,Jurong,,24.3,0.0,73.8,16.0,Partly Cloudy
2024-08-02,Ang Mo Kio,32.5,25.5,0.0,65.1,7.8,Sunny
2024-08-03,Sentosa,31.2,24.7,0.0,66.6,13.5,Sunny
2024-08-04,Changi,30.4,24.0,5.3,90.1,11.8,Light Rain
2024-08-05,Sentosa,,25.0,3.5,73.0,17.5,Light Rain
2024-08-06,Jurong,33.1,26.1,0.0,79.9,24.2,Sunny
2024-08-07,Sentosa,29.9,24.5,18.5,86.5,18.8,Heavy Rain
2024-08-08,Jurong,30.8,25.1,0.0,60.4,13.7,Partly Cloudy
2024-08-09,Ang Mo Kio,31.9,24.0,0.0,67.7,10.0,Sunny
2024-08-10,Jurong,33.6,25.2,0.0,72.2,14.7,Cloudy
2024-08-11,Sentosa,28.7,24.2,0.0,63.9,18.0,Sunny
2024-08-12,Changi,31.6,25.7,7.4,96.9,11.5,Light Rain
2024-08-13,Clementi,31.8,26.4,11.0,85.9,8.3,Heavy Rain
2024-08-14,Jurong,33.5,26.2,0.0,84.1,12.7,Partly Cloudy
2024-08-15,Ang Mo Kio,29.6,26.2,0.0,75.9,10.2,Partly Cloudy
2024-08-16,Ang Mo Kio,30.9,25.5,0.0,75.9,13.8,Partly Cloudy
2024-08-17,Ang Mo Kio,30.8,26.2,4.8,87.8,15.2,Light Rain
2024-08-18,Jurong,31.4,25.8,0.0,68.9,8.6,Sunny
2024-08-19,Ang Mo Kio,,24.7,15.2,85.5,10.9,Heavy Rain
2024-08-20,Sentosa,30.5,24.4,0.0,79.2,9.2,Sunny
2024-08-21,Clementi,30.5,25.2,0.0,75.9,14.7,Sunny
2024-08-22,Sentosa,28.4,25.2,0.0,82.9,6.2,Cloudy
2024-08-23,Changi,32.6,24.6,26.1,91.5,7.9,Heavy Rain
2024-08-24,Clementi,31.1,24.0,9.4,86.6,12.3,Light Rain
2024-08-25,Changi,31.7,24.6,1.9,88.3,18.8,Light Rain
2024-08-26,Changi,31.4,25.2,1.8,84.6,11.3,Light Rain
2024-08-27,Sentosa,31.1,24.2,0.0,74.8,12.0,Partly Cloudy
2024-08-28,Jurong,31.6,26.4,6.1,83.9,17.1,Light Rain
2024-08-29,Changi,29.8,26.8,0.0,82.8,13.7,Sunny
2024-08-30,Clementi,31.9,25.5,2.9,85.1,18.4,Light Rain
2024-08-31,Ang Mo Kio,32.9,26.3,0.0,71.4,10.5,Cloudy
2024-09-01,Ang Mo Kio,31.9,25.8,0.0,70.3,14.5,Cloudy
2024-09-02,Sentosa,33.8,24.8,4.2,86.3,10.3,Light Rain
2024-09-03,Ang Mo Kio,31.5,25.9,12.5,85.1,16.6,Heavy Rain
2024-09-04,Clementi,32.7,26.2,0.0,93.5,9.1,Partly Cloudy
2024-09-05,Jurong,31.6,25.1,3.4,82.8,11.0,Light Rain
2024-09-06,Sentosa,32.1,23.3,0.0,67.0,10.4,Partly Cloudy
2024-09-07,Changi,32.5,25.9,0.0,73.6,2.0,Partly Cloudy
2024-09-08,Clementi,,25.3,0.0,74.6,18.6,Partly Cloudy
2024-09-09,Changi,31.4,24.6,0.0,55.0,6.7,Partly Cloudy
2024-09-10,Ang Mo Kio,30.5,24.2,0.0,76.9,7.2,Cloudy
2024-09-11,Clementi,31.7,23.7,0.0,59.3,14.5,Sunny
2024-09-12,Jurong,32.4,24.0,,69.6,13.9,Cloudy
2024-09-13,Clementi,29.9,24.4,0.0,79.6,19.1,Partly Cloudy
2024-09-14,Clementi,31.9,25.6,7.4,92.9,6.2,Light Rain
2024-09-15,Clementi,31.9,25.6,0.0,87.1,8.7,Sunny
2024-09-16,Changi,29.3,25.3,0.0,67.4,13.3,Partly Cloudy
2024-09-17,Jurong,31.9,24.8,0.0,64.1,12.4,Sunny
2024-09-18,Ang Mo Kio,30.4,25.3,0.0,68.9,14.9,Sunny
2024-09-19,Ang Mo Kio,32.0,26.4,0.0,76.0,11.5,Cloudy
2024-09-20,Clementi,31.1,24.9,9.5,88.1,10.6,Light Rain
2024-09-21,Clementi,31.1,25.3,0.0,79.3,6.5,Sunny
2024-09-22,Sentosa,29.1,23.5,3.1,88.9,8.5,Light Rain
2024-09-23,Sentosa,31.2,23.5,0.8,85.9,14.3,Light Rain
2024-09-24,Jurong,29.8,25.8,0.0,58.0,13.3,Sunny
2024-09-25,Changi,29.2,25.0,0.0,75.8,14.1,Sunny
2024-09-26,Jurong,32.7,25.6,8.6,81.6,21.5,Light Rain
2024-09-27,Clementi,31.2,25.8,10.7,92.9,,Heavy Rain
2024-09-28,Changi,31.7,24.3,0.0,59.3,13.0,Sunny
2024-09-29,Sentosa,29.9,24.1,2.6,89.3,3.0,Light Rain
2024-09-30,Jurong,31.5,25.3,0.0,73.9,19.0,Partly Cloudy
